
<!--
  Default stack using IP multicasting. It is similar to the "udp"
  stack in stacks.xml, but doesn't use streaming state transfer and flushing
  author: Bela Ban
-->

<config xmlns="urn:org:jgroups"
        xmlns:xsi="http://www.w3.org/2001/XMLSchema-instance"
        xsi:schemaLocation="urn:org:jgroups http://www.jgroups.org/schema/jgroups.xsd">
    <UDP
            mcast_addr="232.7.7.7"
            mcast_port="${jgroups.udp.mcast_port:46699}"


    />

    <PING />
    <MERGE3 max_interval="30000"
            min_interval="10000"/>
    <FD_SOCK/>
    <FD_ALL/>
    <VERIFY_SUSPECT timeout="1500"  />
    <BARRIER />
    <pbcast.NAKACK2 xmit_interval="500"
                    xmit_table_num_rows="100"
                    xmit_table_msgs_per_row="2000"
                    xmit_table_max_compaction_time="30000"
                    use_mcast_xmit="false"
                    discard_delivered_msgs="true"/>
    <UNICAST3 xmit_interval="500"
              xmit_table_num_rows="100"
              xmit_table_msgs_per_row="2000"
              xmit_table_max_compaction_time="60000"
              conn_expiry_timeout="0"/>
    <pbcast.STABLE stability_delay="1000" desired_avg_gossip="50000"
                   max_bytes="4M"/>
    <raft.NO_DUPES/>
    <pbcast.GMS print_local_addr="true" join_timeout="2000"/>
    <UFC max_credits="2M"
         min_threshold="0.4"/>
    <MFC max_credits="2M"
         min_threshold="0.4"/>
    <FRAG2 frag_size="60K"  />
    <pbcast.STATE_TRANSFER />
    <raft.ELECTION election_min_interval="100" election_max_interval="500"/>
    <raft.RAFT members="A,B,C" raft_id="${raft_id:undefined}" resend_interval="1000"/>
    <raft.REDIRECT/>
    <raft.CLIENT bind_addr="0.0.0.0" />
</config>